{
  "type": "minecraft:crafting_shapeless",
  "category": "building",
  "ingredients": [
    {
      "tag": "minecraft:wooden_slabs"
    },
    {
      "tag": "minecraft:wooden_slabs"
    },
    {
      "tag": "minecraft:wooden_slabs"
    },
    {
      "tag": "minecraft:wooden_slabs"
    },
    {
      "tag": "minecraft:wooden_slabs"
    },
    {
      "tag": "minecraft:wooden_slabs"
    },
    {
      "tag": "minecraft:wooden_slabs"
    },
    {
      "tag": "minecraft:wooden_slabs"
    }
  ],
  "result": {
    "item": "minecraft:crafting_table",
    "count": 1
  }
}