{
  "type": "minecraft:crafting_shapeless",
  "category": "misc",
  "ingredients": [
    {
      "item": "minecraft:glass_pane"
    },
    {
      "item": "minecraft:glass_pane"
    },
    {
      "item": "minecraft:glass_pane"
    },
    {
      "item": "minecraft:glass_pane"
    },
    {
      "item": "minecraft:glass_pane"
    },
    {
      "item": "minecraft:glass_pane"
    },
    {
      "item": "minecraft:glass_pane"
    }
  ],
  "result": {
    "item": "minecraft:glass",
    "count": 3
  }
}