{
  "type": "minecraft:crafting_shapeless",
  "category": "misc",
  "ingredients": [
    {
      "item": "minecraft:raw_copper"
    },
    {
      "item": "minecraft:raw_copper"
    },
    {
      "item": "minecraft:raw_copper"
    },
    {
      "item": "minecraft:raw_copper"
    },
    {
      "item": "minecraft:stone"
    },
    {
      "item": "minecraft:raw_copper"
    },
    {
      "item": "minecraft:raw_copper"
    },
    {
      "item": "minecraft:raw_copper"
    },
    {
      "item": "minecraft:raw_copper"
    }
  ],
  "result": {
    "item": "minecraft:copper_ore",
    "count": 1
  }
}